component_or_mass_budget,assigned_mass_kg,evidence_or_assumption
battery_16S_1,3.100000000000,MEASURED component mass; uniform CAD geometry used for COM and inertia
body_1_tethered_verHopping1,0.447000000000,"USER MEASURED 0.447 kg, supersedes previous 0.397 kg residual inferred from old 0.506/0.109 kg groups; same CAD part geometry"
EtherCAT_module_v6_GND,0.049000000000,"USER MEASURED 0.049 kg, supersedes previous 0.047 kg; connecting cable is separate"
temp_USB_to_LAN_20240712,0.034000000000,USER MEASURED HUB ONLY 0.034 kg; 0.050 kg EtherCAT connecting cable represented separately; supersedes old derived hub-plus-cable 0.062 kg
killSwitch,0.133000000000,"MEASURED SUBGROUP: switch plus cables 0.133 kg included within measured upper 2.528 kg, counted once; represented by switch geometry"
GV7_ASY_SingleBody,0.020000000000,"USER APPROXIMATE BODY-ONLY MEASUREMENT 0.020 kg; supersedes manufacturer nominal 0.0177 kg. Body-plus-USB cable measured 0.062 kg; remaining approximately 0.042 kg cable is a separate lower-group distribution, excluded from upper 2.528 kg"
P360_20240712,1.400000000000,"PROVISIONAL MANUFACTURER MASS: P360 Tiny 1.4 kg maximum configuration, approximate and configuration-dependent; Tiny form factor inferred from CAD size, exact machine type not confirmed. COM/inertia remain uniform-CAD estimates, not manufacturer specifications"
NatureHop_pccarrier,0.687000000000,DERIVED MEASURED CARRIER: 0.806 kg carrier+board+receiver minus 0.119 kg board+receiver = 0.687 kg; user identifies PLA printed part. COM/inertia use uniform effective density in CAD geometry; infill/wall distribution unmeasured
nature_hopper_powerboard,0.119000000000,MEASURED GROUP: powerboard plus unmodeled receiver = 0.119 kg; receiver lumped into powerboard geometry and location per explicit user instruction
upper_unlocalized_residual,0.189000000000,UNLOCALIZED RESIDUAL: 2.528 measured upper INCLUDING switch/cables - 1.400 nominal PC - 0.806 measured carrier/board/receiver - 0.133 switch/cables subtotal = 0.189 kg. Includes button/cables/other unaccounted items and possible PC nominal-mass error; assumed spread over upper five CAD geometries by volume. Not assigned entirely to button; not a separately measured physical component
GV7_USB_cable,0.042000000000,"USER DERIVED APPROXIMATE MASS 0.062 minus approximately 0.020 = approximately 0.042 kg; PROVISIONAL: connector locations, routing, coiled slack and connector mass distribution unmeasured. Segment length is a proxy and is not actual cable length. Assigned to lower group, never added to upper 2.528 kg."
USB_LAN_EtherCAT_cable,0.050000000000,"USER APPROXIMATE MEASURED CABLE MASS 0.050 kg; PROVISIONAL: connector locations, routing, coiled slack and connector mass distribution unmeasured. Segment length is a proxy and is not actual cable length. Assigned to lower group, never added to upper 2.528 kg."
